,0
0,PARD6A
3,AIFM2
4,BCL2L14
6,GADD45A
7,RGCC
8,HIPK1
9,POU4F2
10,L3MBTL1
12,ELOB
13,MMUT
14,UBA7
16,CENPX
17,CENPS
18,DIABLO
19,CBR4
20,SERPINF2
21,SEC22B
22,IL10RB
23,GABPB1
24,CBY1
25,TMED2
26,NTF4
27,NECTIN4
29,NCAN
31,GTSE1
32,DBF4
33,CDC7
35,FBLIM1
36,LIMS1
37,KIRREL1
39,MAPK6
40,EDA2R
41,CLEC1B
42,JAML
43,HTR3A
44,IL22RA2
45,TXLNA
46,CD40LG
47,FYB1
48,NCK1
49,CD226
50,ATG12
51,KSR1
53,FARSB
54,UFD1
55,SERPINE1
56,RALGAPA2
57,RALGAPB
58,TKFC
59,PGLYRP4
60,PGLYRP3
61,PLXNC1
62,UBA3
63,DUS2
64,QTRT2
65,TRMT6
66,TRMT61A
67,MMADHC
68,HLA-DOA
69,STXBP3
70,CD8B
71,SEC13
72,RSF1
73,POLR3H
74,CRCP
76,CYP2C19
77,ASAP2
79,NDEL1
80,PTPA
81,HDAC11
82,SMAD5
83,NINL
84,SMAD9
85,TOR1A
87,CXCL8
88,IPCEF1
89,CITED1
92,SH2B2
93,CENPU
94,GIPC1
95,VEGFD
97,UNC13B
99,FCRL3
100,GRAP
101,GIT2
102,LAX1
103,ELP1
104,SOCS2
105,GAST
106,NLK
109,EFCAB6
110,NELFCD
111,SNURF
112,RIN1
113,FRS3
114,PPP2R2A
117,SMPD3
119,ROMO1
121,DCAF7
122,PWP2
124,PHF7
125,SIVA1
127,TUBAL3
128,COPS2
130,IRF9
131,TMEM11
132,ADAP1
135,MAPK11
136,MAP3K7CL
137,ELOF1
138,SIKE1
139,CD46
140,KRTAP10-7
141,NSA2
142,INA
143,PNO1
144,RPL13A
145,HNRNPUL2
147,CEP44
149,PGLYRP1
150,DCAF16
151,MICALL2
153,EIF2AK2
155,MAPK13
156,NUDT12
157,ZC3HC1
158,A2M
159,ABLIM1
160,RBM47
161,HERC6
163,ZNF433
164,PABPC3
165,PHC3
166,DEFA1B
167,OCIAD2
168,ATP5MD
169,SERPINB5
170,ATP5PO
171,DMTN
173,RALY
174,TCEAL5
175,NOP2
176,RASL12
177,WIZ
178,FMNL1
179,TMED7
180,PRSS23
181,GCN1
182,STAB2
183,ATP5F1C
184,TICAM2
185,ZNF576
186,TOMM70
188,CCDC85B
189,TCEANC
190,MAP3K20
191,POU2F1
192,SPG21
193,RAB11FIP5
194,CPSF7
195,TUT1
196,FBH1
198,CMC4
199,MRRF
200,QPCTL
201,WDYHV1
203,RBM5
205,BBX
206,GPSM1
207,CTR9
208,ZC3H15
209,KRTAP10-5
210,BLOC1S1
211,ZC3H3
212,ABRAXAS2
213,ATG3
214,RAB40B
215,CPLX3
217,NMU
218,TUBA1C
219,TCEA2
220,ZNF615
221,CALCOCO2
222,NFXL1
223,CPSF1
224,FBF1
226,NMRAL1
227,GORASP2
228,KLC4
229,TEKT4
231,MAP1LC3A
232,SRPK2
233,RBM4
234,CCDC15
235,TUBA3E
236,MAPKAPK3
237,ATP5PB
238,BTF3
239,NPRL2
240,MAP9
242,RRP1
243,AEN
244,SNU13
245,DUSP26
246,DYNLT3
248,HNRNPF
249,JARID2
250,ECHDC2
251,ARHGEF11
252,RBM4B
253,HSD17B12
254,USE1
255,NPLOC4
256,SH3RF1
257,AKNA
258,RBM34
259,ZMAT2
261,EIF3L
263,RHOG
264,ZNF787
265,COPRS
266,C4B_2
267,RAB2A
268,ATP5F1A
270,SERPIND1
271,PDIA3
272,SPSB1
273,TCEAL4
274,DUSP19
275,UTP6
276,DEFB4B
277,RER1
278,HNRNPAB
279,KRTAP10-3
280,HNRNPR
281,CLEC3B
282,EIF1
283,ZNF410
284,AGTRAP
285,UTP23
287,RPF2
288,ELOA
289,DDR1
290,SAR1A
295,HEATR1
296,CPSF2
297,BEX3
298,SPERT
299,RABAC1
301,SERPINB9
302,ATP23
303,RGS20
304,CCNJL
305,OSTC
306,GTPBP4
307,ATP5MG
308,MAP1LC3C
309,RPL32
310,CASC3
311,RBMXL1
312,MZT2A
313,IKBIP
314,SH3GLB1
315,TTLL7
317,TRIM16L
320,SH3PXD2A
321,LTV1
322,KRTAP4-2
324,BTBD2
325,IQUB
326,ZNF512
327,ATP5ME
328,GTF3C4
329,HNRNPH1
330,LLGL2
332,GMCL2
333,MORF4L2
334,HNRNPA3
337,ZNF564
338,KRTAP10-8
339,L3MBTL3
341,KCTD6
342,KRTAP9-2
343,ECSIT
344,CHERP
345,HADH
348,RGS10
349,PTBP3
350,SARM1
352,TCEAL3
353,APBB1IP
354,DYNLT1
356,TCEAL2
357,PUM3
358,HNRNPH3
359,CRELD2
360,PRRC1
361,NCR3LG1
362,PDLIM3
363,PPP6R1
364,AKNAD1
365,RASGRP3
366,TCEAL6
367,PCGF2
368,NOB1
370,ELF2
371,BTBD1
372,DLGAP3
374,NOL9
376,PRDM7
377,MFN1
378,PDLIM5
379,PWP1
380,HECTD3
383,KLK7
384,RNF41
385,CCDC59
386,CEACAM3
387,NPHS2
388,TMEM33
389,DIP2A
390,MRM3
392,HAVCR2
393,DCAF12
394,CHIT1
395,ARMC1
396,SNX18
398,MMGT1
399,C4orf3
400,CCDC184
404,DGLUCY
405,ENKD1
407,BRICD5
409,FIS1
410,MIEF1
411,DUSP23
412,BLZF1
413,SGO2
414,KRTAP19-7
415,KRTAP9-3
416,KRTAP6-2
417,HIST2H3A
418,HIST2H3D
419,CNIH3
420,FRA10AC1
421,TMEM208
422,KRTAP5-11
423,TMEM51
424,TMEM42
425,TMEM35A
426,SSX2IP
427,CNIH1
428,GPR152
429,TMEM229B
430,SNUPN
431,PI4KB
432,MFSD10
433,OXER1
434,EXOC7
435,LRRC45
436,CCDC89
437,GGA2
438,BCL2L13
439,EMC6
440,KRTAP19-5
441,NKG7
442,ZNF648
443,RBM48
444,RBM23
445,GPR151
446,FAM209A
447,KRTAP4-12
448,CLDND2
449,C16orf58
450,RETREG1
451,KRTAP9-4
452,CLDN7
455,GOLGA6A
457,KRTAP17-1
458,FNDC9
460,KRTAP12-4
462,ACTR10
463,ZNF707
464,KRTAP5-6
465,ZNF510
466,JADE2
467,SPATA24
469,GIPC2
470,SERTM1
471,TXLNB
472,MIEF2
473,KRTAP15-1
474,JPT2
475,ZNF775
476,CLDN22
477,ZSCAN18
478,PGBD1
479,GPR182
480,RMDN3
481,MAL2
482,ZNF567
483,HIST2H2BF
484,ZNF550
485,RETREG3
486,KRTAP5-4
487,KRTAP5-2
488,KRTAP13-2
489,AKAP12
490,AHSP
491,AK4
492,PSMB10
494,KRTAP10-9
495,PLPP4
496,ZNF460
497,TMEM242
498,ZBTB47
499,ZNF48
500,ZNF250
501,GOLT1A
502,SCHIP1
503,TMEM86A
504,CAMSAP2
505,KRTAP2-3
506,TMEM140
507,KRTAP8-1
508,LRP2BP
510,RETREG2
511,TMEM248
512,KRTAP3-2
514,NRM
515,TBCB
516,MCIDAS
517,NSG2
518,ZNF835
520,VPS26C
521,KRTAP4-11
522,SHISAL1
523,ABITRAM
524,ERP44
525,TMEM218
526,SFT2D1
527,CLRN2
528,SIT1
529,MTA3
530,ZNF575
531,REG1B
532,TMEM254
533,FAM210B
534,GUCY1B1
535,GUCY1A1
536,LMBRD2
537,FGFR1OP2
538,RIOX2
539,SCML4
540,KRTAP26-1
541,TMEM252
542,LRCH4
543,DENND4C
544,SLC35C2
545,BROX
546,OR7A10
548,PLEKHB2
549,SSMEM1
550,ZNF552
551,ZNF446
552,NIPAL3
553,NUTF2
554,LIN37
555,TMEM60
556,TMCO5A
558,ZNF440
559,NREP
561,CCN2
562,BCL2L15
563,TMEM179B
564,SERP2
565,SH3GLB2
566,U2AF1L5
567,DUPD1
568,TEKT5
569,VTA1
571,DALRD3
572,MTERF1
573,HSPBAP1
574,ZBTB14
575,SYBU
576,GNG8
577,ZNF587
578,ZKSCAN8
579,NOTO
580,PTH1R
581,ZNF490
582,IPO4
583,TEX37
584,ZSCAN32
585,TMEM176A
586,LAP3
587,ASCL3
588,ZSCAN29
589,PBXIP1
590,RAB1A
591,RNF115
592,MFSD14B
593,WASHC3
594,NFKBID
595,P2RX6
596,ZNF417
597,ZBTB10
598,VPS9D1
600,ZFPL1
601,RAB3IP
602,SNRNP35
603,RCOR3
604,COQ8A
605,INTS11
606,KCTD4
607,ZNF398
608,ZNF783
609,PAAF1
610,LAMP3
611,TMEM19
612,MYZAP
613,NPFFR1
614,ZSCAN21
615,MFSD5
616,ERP29
617,FAXDC2
618,FEM1C
619,PQLC1
620,ZNF785
621,EIF1AD
622,STMN4
623,KIR3DS1
624,ZNF337
625,SLU7
626,ABT1
627,SYTL5
628,TRAPPC5
629,CDIPT
630,H2AFZ
631,ACTR6
632,TMEM14B
633,ZNF792
634,ATXN7L3
635,SGF29
636,KRIT1
637,TAAR9
638,HERPUD2
639,BBS9
640,SLC39A9
641,ZSCAN9
642,TMEM130
643,KRTAP12-2
644,TAPBPL
645,SYT17
646,GPR137B
647,MRPL57
648,LEUTX
649,C11orf49
650,ZNF251
651,TOMM40L
652,C6orf203
653,MTIF3
654,GTF2H2C
655,GTF2H2C_2
656,FAM50B
658,AGO3
659,C19orf18
662,SHISAL2A
663,USH1G
665,RGS17
666,ELOA2
667,MILR1
668,TAF1B
670,CLDN18
671,SYNPR
672,ZKSCAN7
673,KRTAP19-1
675,TMEM182
677,LGALS14
678,NECAB1
679,SNTB1
680,ZNF57
681,LETMD1
682,PTPMT1
683,SMAGP
684,PPA1
685,MRPL23
686,SULT1E1
687,NXPE2
688,SFT2D2
689,TMEM239
690,ZNF670
691,PTRH1
692,ZNF329
693,ZNF439
694,SMG9
695,HSCB
696,TTC30B
697,HDDC2
698,XPOT
699,AIG1
700,CYSRT1
701,NUP62CL
702,CHMP3
703,TSNARE1
704,ZNF629
705,CNDP2
706,ARFIP1
707,MICALL1
708,ZNF438
709,B3GAT2
710,KRTAP3-3
711,TADA2A
712,PIP4P2
714,ZNF485
715,ZFP41
716,AIF1L
717,ZBTB39
718,VHLL
719,HASPIN
720,CCDC77
721,UBXN2A
722,IP6K2
723,TMEM52B
724,VWC2L
725,DEFB112
726,SPINT1
727,VPS29
728,TSPO2
729,C11orf87
730,KYAT1
731,PPIP5K2
732,FAM214B
733,LAYN
735,ZNF764
736,TMED8
737,XIRP1
738,N4BP3
739,ZNF581
740,IP6K1
741,NSG1
742,KRTAP12-3
743,ATP5IF1
744,HSPA13
745,THAP7
746,CDYL2
747,ISL2
748,C16orf54
749,RMDN2
750,ZNF774
751,NOP16
752,CYBRD1
753,KRTAP6-1
754,HSFX1
755,HSFX2
757,RTRAF
758,SP6
759,KRTAP10-11
760,LSMEM2
761,TAF6L
762,TRAM1
763,CGN
764,STX18
765,RNF185
766,RAPGEF4
767,ANKRD49
768,UBE2K
769,CTXN3
770,RAD54L2
771,LAPTM4A
772,GMCL1
773,SLMAP
774,TMEM45B
775,BBC3
776,ERO1A
777,GOLGA7
778,MOB1B
779,MS4A13
780,TCTN1
781,TMEM222
782,ZSCAN30
783,ZNF557
784,NIP7
785,KRTAP19-6
786,KRTAP10-6
787,SCOC
788,ANKRD46
789,SYT11
790,DEPTOR
791,TMEM161A
792,UBOX5
794,CEP95
795,CD177
796,KRTAP3-1
797,ABRAXAS1
799,SRSF12
800,ZMAT3
802,TMPPE
803,ZNF394
804,PHETA1
805,ATP8B4
806,ATP8A1
807,KRTAP21-2
808,ATP6V1H
809,FAM186B
810,ATP5PF
811,C11orf1
812,TMEM236
814,ZNF488
815,SPOPL
816,CAPNS2
817,DUSP12
818,TMEM167B
819,TRMT112
820,ZNF230
821,KCNIP2
822,PLPPR2
823,ACMSD
824,CRIP3
825,HACD2
826,ODF2L
827,CARD17
828,KRTAP19-2
829,R3HDM2
831,SLC35A4
832,KRTAP4-4
833,MEIS3
834,UTP25
835,EDRF1
838,ZNF547
839,MACO1
841,KRTAP19-3
842,FAM241B
843,BTNL9
844,OXNAD1
845,BEND5
847,TRAPPC10
848,NELFA
849,HLX
850,PHF12
851,UBE3D
852,KRTAP5-3
853,TLCD1
854,STX19
855,TM4SF19
856,NARF
857,TVP23B
858,ZFP2
859,SYMPK
860,H2BFS
861,ZNF426
862,SUPT20H
864,TPRG1
865,CYB5R1
868,MYADML2
869,RABGAP1L
870,MPHOSPH10
871,FAM174A
872,CALCOCO1
873,LMAN2
874,TMEM190
875,C9orf24
876,KIR3DL3
877,IER2
878,CXXC1
879,LAIR2
880,ZNF596
882,SNRNP25
883,VSTM4
885,KRTAP5-7
886,CCDC167
887,RNF19B
888,TTC5
889,EPGN
890,KRTAP9-8
891,LSMEM1
892,DIDO1
893,ZCCHC17
894,ZDHHC22
895,ANKRD34A
896,FOXB1
899,DNHD1
900,SEC11C
902,SPARCL1
903,WASHC2A
904,ZNF578
905,KRTAP5-8
906,SPX
907,CYB561A3
908,BRD1
909,RIPPLY3
910,FBXL3
911,SNX30
912,TEX29
913,SLC35F1
914,CLDND1
915,BTBD6
916,NAT14
917,APCDD1L
918,TLK1
920,CEP250
921,ARHGEF16
922,ZNF726
923,BIVM
924,ZNF784
926,SNAP47
928,ZNF579
929,ZNF275
930,TRIM10
931,IQCN
932,NRIP2
933,ZNF280C
934,ARHGEF40
935,SLC35E4
936,DNAJC4
937,RITA1
938,C14orf180
939,KMT5A
940,PFDN6
941,ZNF829
942,UTP14C
943,SNORC
944,ZBTB43
945,KRTAP23-1
946,SMNDC1
947,SLC35E3
948,MANBAL
949,CRACR2A
950,TMEM69
951,TMED9
952,RNF144A
954,SPG7
955,ZNF639
956,ITPRIP
957,CNPY2
958,PEBP4
959,TMUB2
960,AAMDC
961,ZNF607
962,KRTAP7-1
963,SERPINA5
964,MYDGF
965,KRTCAP3
966,CEACAM7
968,ZMAT5
969,LIMS3
970,SESN2
971,MOB1A
972,ANO8
974,ZNF821
975,TMEM72
976,THEM4
977,ADGRG3
978,SCAI
980,SNRNP48
981,ZNF319
983,CWC15
984,OR2AG1
985,DEPP1
986,ZBTB6
987,NCS1
988,ZNF511
989,ZNF343
990,ZBTB45
991,TMEM92
992,ZSCAN23
993,SLC35F6
994,CNOT10
995,MITD1
996,MED6
997,GFM2
998,RNF130
999,SLC16A13
1000,MAK16
1001,WRAP73
1002,ZSCAN16
1003,CXorf66
1004,EPDR1
1005,TTLL10
1006,HCST
1007,ZNF646
1008,CHRAC1
1010,HSPB11
1012,DCANP1
1013,MED22
1014,ZNF599
1015,PDF
1018,ABHD15
1019,RNF144B
1020,NRN1L
1021,MVB12A
1022,IPO9
1024,SMIM14
1025,DRC3
1026,EVA1A
1027,SLC25A51
1028,RAP1GAP
1030,FOXD4L6
1031,MTG2
1032,LIN28A
1035,PPP2R3C
1036,TBCEL
1037,FAM156B
1038,FAM156A
1039,TRIB2
1040,MIER2
1041,RNF151
1042,CTSV
1043,HEMK1
1044,TSKS
1045,ZKSCAN1
1046,CD300C
1047,ANKRD27
1048,EDDM3B
1049,HDAC10
1050,CAMKK1
1051,IL27RA
1052,MUC15
1053,CENPK
1054,POP4
1055,TMEM206
1056,HEPHL1
1057,MFSD3
1058,ERP27
1059,KDELR3
1060,JADE3
1061,IGKV3-20
1062,TMEM219
1064,SNX24
1065,TSACC
1066,GHITM
1067,GCSAM
1068,PPP1R16A
1069,RGS11
1070,TEPSIN
1071,TSPAN14
1072,ADAMTSL5
1073,BFAR
1074,SDR16C5
1075,TMEM63A
1076,SEMA3B
1077,RAPH1
1078,NRBP1
1079,TULP4
1080,TSSK1B
1081,ZNF860
1084,RNF19A
1085,TRIM42
1087,CWC22
1088,CD164L2
1090,LY6G6F
1091,MXD4
1092,HNRNPA1L2
1093,HEBP2
1094,ZNF626
1096,FAM163A
1097,DOP1A
1099,SLC25A23
1100,BUD13
1102,SLC48A1
1103,MS4A14
1104,ZNF17
1105,LRTM1
1106,ZNF385C
1107,GPBP1L1
1108,TMEM44
1109,RABEPK
1110,OGA
1111,TBCCD1
1112,CACTIN
1113,ECPAS
1114,FTSJ3
1115,KRTAP10-10
1116,ZNF555
1117,BIRC8
1118,MOSPD3
1119,NCKAP1L
1120,PIP4P1
1121,SYNPO2L
1122,RPF1
1124,CDCA2
1125,MTHFD2
1126,SGSM1
1127,ABHD6
1128,DNAJC7
1129,ZNF345
1131,KIF20B
1132,NUPL2
1133,SLC5A4
1134,PJA2
1135,CASC4
1136,ZNF665
1137,ANKS1A
1138,ZMAT4
1139,C16orf92
1140,RTCA
1141,CPLX4
1142,ARHGEF15
1143,CRAMP1
1144,CENPW
1145,FAM185A
1146,BRIX1
1147,GNPTG
1149,SYNPO2
1150,SDAD1
1151,CSRNP2
1152,MOSPD2
1153,LRRC3B
1154,NDC1
1155,TMEM234
1157,ZNF223
1158,MPC2
1159,ZDHHC11
1160,SLC35E1
1161,FBN3
1162,RAB43
1163,IFT46
1164,HDHD3
1165,FAM173A
1166,MOCS3
1167,SLC9C1
1168,REC8
1169,CASS4
1170,PHETA2
1172,SKA3
1173,HIGD1C
1174,JPH4
1175,TTC30A
1176,INTS13
1177,FITM2
1178,NUDT3
1179,POLR2J3
1180,RNF122
1181,ZNF491
1182,ANO9
1183,ZNF334
1184,NCLN
1185,ATL2
1186,GSG1
1188,B4GALNT2
1189,ADCK5
1190,COQ3
1191,ZNF84
1192,CCDC90B
1193,AKAP7
1194,ZNF286A
1196,ATP1B4
1197,ATP6V1B1
1198,CBLIF
1200,MBD6
1201,ATP5MF
1202,ZNF786
1203,TMEM255B
1204,HSDL2
1205,AQP12B
1206,ARHGDIG
1207,TMEM168
1208,PPP1R3F
1210,DMAC2L
1211,RHOV
1212,MSANTD4
1213,FAM114A1
1215,UTP11
1216,ZNF524
1217,TMEM143
1218,SYPL2
1219,CCDC70
1220,STEAP1
1221,DDX19A
1222,MSTN
1224,UHMK1
1225,SYNRG
1227,RGS8
1228,ASIC1
1229,KIAA2013
1230,MTUS1
1231,IL20RB
1233,CYB561D1
1234,UBE2J2
1235,CCDC51
1236,ZNF675
1237,NANOGNB
1238,CCDC105
1239,DAZ1
1240,CENPC
1241,RHEBL1
1242,TOMM20L
1243,NAPRT
1244,ESF1
1245,ACTL8
1246,ANKRD37
1247,PI16
1248,TNFRSF19
1249,ISOC1
1250,SARAF
1251,ASPHD1
1252,MBNL2
1253,MVB12B
1254,NPBWR2
1255,TAS2R10
1256,LARGE2
1257,RPS6KL1
1258,CACUL1
1259,ZNF559
1260,SLC39A6
1261,ZNF302
1262,LPCAT2
1263,TMEM71
1264,OR51F2
1265,ZNF660
1266,FUNDC2
1267,MAP7D1
1268,MOK
1269,ZFP14
1270,RAB3D
1271,SEMA4G
1272,GTF3C2
1273,SIGLECL1
1274,RBP7
1275,ZBTB8B
1276,ARID3C
1277,YIF1B
1278,LYRM2
1279,TMEM160
1280,EID2B
1281,GPR146
1282,DYNC1LI2
1283,ZSCAN25
1284,STBD1
1285,ZNF600
1286,FAM83D
1288,C16orf70
1289,CC2D1B
1290,SPCS2
1291,ASRGL1
1292,FAM129A
1293,ERO1B
1294,RNF187
1295,CCDC110
1296,ZNF611
1297,VSIG4
1298,YLPM1
1299,ERI1
1300,PCMTD2
1301,ZNF383
1302,PLPPR1
1303,ZNF280A
1304,PRR4
1305,MBTD1
1306,ZNF500
1307,SPRYD4
1308,ZNF669
1309,LY75
1311,TMOD1
1312,SMIM5
1313,SCGN
1314,SLC35E2A
1315,FAM160A2
1316,TMEM154
1317,PCDHB10
1318,NAA25
1319,KCTD14
1320,TMEM176B
1322,SLC10A4
1323,RDH13
1324,ZNF789
1325,CHCHD4
1326,GABPB2
1327,UQCC1
1328,ALG10B
1329,DCAF10
1330,TMEM37
1332,NELFE
1333,RCN3
1334,OR4K17
1335,ATPAF1
1336,CD300A
1337,CPTP
1338,CPSF3
1339,CALN1
1340,TIMM10B
1341,TMEM141
1342,GCFC2
1343,CMC2
1344,MICOS13
1345,TMEM62
1347,SPIRE1
1348,MARC1
1349,SLC35A5
1351,TAF5L
1352,PCLAF
1353,SPOCK1
1354,CD93
1355,VASH1
1357,RAP1GAP2
1358,FCRL2
1360,TMEM39B
1361,TMEM144
1362,ZNF696
1363,GPN1
1365,MTTP
1366,AOPEP
1367,TMEM186
1368,ZNF415
1369,MPIG6B
1370,NAA50
1371,LMF2
1372,ST3GAL1
1373,TNFRSF21
1374,PARP10
1375,ATP5MC3
1376,DISP1
1377,SF3B6
1378,MGAT4D
1379,GPR108
1380,LYPD5
1382,ZNF276
1383,NTNG2
1384,JPT1
1385,TESMIN
1386,ZDHHC24
1387,KCNIP1
1388,ZSCAN5B
1389,GSTT2B
1390,STAB1
1391,MTG1
1392,SPIN1
1393,TAF8
1394,NR6A1
1395,SLC45A4
1396,TMEM267
1397,TUBA4B
1398,EAPP
1399,ATP5F1E
1400,PCIF1
1401,MT1M
1402,KRTAP19-4
1403,OXLD1
1404,C16orf46
1405,JADE1
1406,TMEM9B
1407,CENPI
1408,LDHAL6B
1409,ADTRP
1410,NAPSA
1411,ZNF549
1413,ZNF613
1414,CCDC107
1415,IFI27L1
1416,ATE1
1417,ANGPTL7
1418,KCNN1
1419,ZNF691
1420,MANSC1
1421,NEIL3
1424,OCIAD1
1425,IL22RA1
1426,OR4N2
1427,ZNF724
1428,SLC23A3
1429,MOB2
1430,SLC18B1
1431,HORMAD2
1432,TCF24
1433,TONSL
1434,DCAKD
1435,KLRF2
1437,DISP3
1438,B3GALNT1
1439,CEP128
1440,KDELR2
1441,SLC51B
1442,SLC4A3
1443,DNAAF2
1444,IGSF21
1445,WIPI1
1446,CNMD
1447,VIRMA
1448,CCDC58
1449,ZNF623
1450,C1orf116
1451,NIPSNAP2
1452,P2RY13
1453,FRMD1
1454,M1AP
1455,MELTF
1457,CFAP52
1458,FCF1
1459,GRAMD2A
1460,GLOD4
1461,MZT2B
1462,SNX21
1463,ADAM32
1464,TMEM41A
1465,SYTL3
1466,RRP9
1467,TIE1
1469,ZNF404
1470,VCPIP1
1471,ZBTB3
1472,ZFP69B
1474,MSL3
1475,PRPF38B
1476,OR1B1
1477,ETV3L
1478,ITPRIPL1
1479,HIGD1A
1480,DNAJC14
1481,TCEANC2
1482,ZC3H8
1483,AP1AR
1485,HDGFL3
1486,RNF13
1487,USP49
1488,TATDN1
1489,BPIFA2
1490,ZNF431
1491,ZNF484
1492,GPR162
1493,ABHD14A
1494,NACAD
1495,RIPOR1
1496,ST3GAL2
1497,WASHC5
1498,MTFR1
1499,OR10J1
1500,RNF183
1501,SLC49A3
1502,WDR83OS
1504,NXF2B
1505,MGAT4C
1506,ATP5MC1
1507,SLC9B2
1508,POU5F2
1509,TCEAL8
1510,BEGAIN
1511,ZNF710
1512,CEMIP
1513,TIGD3
1514,MIER1
1515,ZSCAN1
1516,ZIK1
1517,PLPP7
1518,RNF182
1519,ZNF554
1520,KRTAP10-4
1521,CSRNP3
1522,GNG3
1523,FADS6
1524,CDC42SE1
1525,WDR44
1526,SLC31A2
1527,USP17L7
1528,KLHL25
1529,LDLRAD4
1530,SERPINE2
1531,ZNF280D
1532,CHP2
1533,PTGR2
1534,ENY2
1535,EIF4E1B
1536,ZNF441
1537,ASIC4
1538,ZNF679
1539,ZNF614
1540,DHFR2
1541,GINM1
1542,LIN52
1543,ZNF574
1544,VSX2
1545,LARGE1
1546,EMC7
1547,RO60
1548,SMIM19
1549,SLC15A5
1550,ZFAT
1551,CCDC181
1552,ZNF662
1553,CSN1S1
1554,SPCS3
1555,NAA16
1556,TMPRSS11F
1557,CYP27C1
1558,NPFFR2
1559,TMED3
1560,CRNN
1561,ST8SIA5
1562,AOC1
1563,ZNF766
1564,ZNF585A
1565,CNOT11
1566,C2orf49
1567,CHST4
1568,MRPL58
1569,SPPL2B
1570,POGK
1571,ZNF773
1572,SYCN
1574,SEC14L1
1577,MICOS10
1578,TVP23A
1579,AKAP3
1580,ZNF800
1581,AMER2
1582,CHCHD1
1583,FAM180B
1584,POTEF
1585,RAB40C
1586,KCNE5
1587,NLE1
1588,NPIPA1
1589,ZNF721
1590,CHDH
1591,HAPLN2
1592,TANGO6
1593,ROPN1B
1594,MZT1
1595,NTPCR
1596,ZC3H7A
1597,SPATA9
1598,CBSL
1599,NRDC
1600,CALHM6
1601,ZNF740
1602,KCTD21
1603,HACD4
1604,MTRF1L
1605,RBMY1E
1607,ATOH8
1608,ADGRF5
1609,SLC25A25
1610,R3HDM4
1611,DBX2
1612,TMEM167A
1613,PPP1R3E
1614,NOCT
1616,ZNF493
1617,UNC119B
1618,IKZF5
1619,KRTAP13-4
1620,TPRA1
1621,SDHAF4
1622,HSDL1
1623,MFSD14A
1624,PDXP
1625,BSPRY
1629,ZNF671
1630,ETFRF1
1632,SPATA5L1
1633,BCAP29
1634,GTPBP8
1635,TXLNG
1636,FAM8A1
1637,NAT9
1638,IQGAP3
1639,TMEM246
1640,HYKK
1641,NUDT5
1642,SLC8A3
1643,FRMD8
1644,HERC4
1645,PLA2G15
1646,PARPBP
1647,TEX35
1648,PLGRKT
1649,GRID2IP
1650,C1orf56
1651,ZNF442
1652,RPL10L
1653,TICRR
1654,GNG7
1655,WBP1L
1656,SYNC
1657,OR3A1
1658,ELMSAN1
1660,AFTPH
1661,TTLL3
1662,CORO6
1663,CCZ1
1664,ZNF514
1665,ATP5MC2
1666,TAFA5
1667,ZNF878
1668,ZNF708
1669,CEP112
1670,CHP1
1671,SAP25
1672,FAM234A
1673,GATD1
1674,PCMTD1
1675,TRIM17
1676,RHOF
1678,ABHD10
1679,PRLHR
1680,GRIP2
1682,PTH2R
1683,SLC27A6
1685,DEFA3
1686,RGS18
1689,DAZ4
1690,SLCO1A2
1691,CCN5
1692,COL26A1
1693,EMID1
1694,REG3A
1695,CCN4
1696,OPRPN
1697,MADCAM1
1698,ANXA13
1699,C1orf61
1700,UCN3
1701,CFP
1702,ZNF354A
1703,PAPPA2
1704,PARD3B
1705,BCAM
1706,SEMA4F
1708,HCFC1R1
1709,CDC42SE2
1710,PITPNM1
1711,ERAS
1712,NUDT9
1713,CBLN1
1714,RAET1G
1715,MMP24
1716,GRPEL2
1717,NPFF
1718,PPP2R3A
1719,ALPG
1720,KLHL17
1721,ASIC3
1722,NAIP
1723,EMILIN2
1724,ASIC2
1725,PRADC1
1726,PDILT
1728,NEURL2
1729,ELOA3
1730,CENPBD1
1731,GFRA4
1732,DIMT1
1733,TCFL5
1734,ST8SIA3
1735,ST8SIA4
1736,ST8SIA2
1737,RGS13
1738,EMCN
1739,VTCN1
1740,RAB15
1741,GKN2
1742,SERPINB1
1743,KCNG2
1744,VEZT
1745,JCHAIN
1746,HLA-DRB4
1747,IFI6
1748,ERVW-1
1749,CLEC2L
1750,TRPC7
1752,TTYH3
1753,SVIP
1754,USP37
1755,RPL22L1
1756,GPN3
1757,TBPL2
1758,SBK1
1759,SSX2B
1760,CEP170B
1761,BTBD8
1762,ZSCAN31
1763,TIGD4
1764,ZNF714
1765,ZNF556
1766,ZNF519
1767,ZNF506
1768,H2BFM
1769,SLC2A4RG
1771,INO80D
1772,CENPM
1773,DDX53
1774,RMDN1
1775,HDHD5
1776,ZNF443
1777,METTL7A
1778,LPGAT1
1779,ZNF605
1780,DNLZ
1781,ZNF566
1782,ZNF235
1783,H2AFJ
1784,H2AFB1
1787,GTF2IRD2
1788,ZADH2
1789,KCTD18
1790,TUT4
1791,NACA2
1792,NUDT7
1793,FBLL1
1794,TRNAU1AP
1795,GOT1L1
1796,TRAPPC3L
1797,BDH2
1798,TMEM192
1799,C14orf93
1800,LETM2
1801,C22orf46
1802,SLCO2B1
1803,PLBD1
1804,TAFA4
1805,C11orf45
1806,CAPSL
1807,R3HDML
1808,IRGC
1809,GLB1L
1810,RNASE11
1811,DTD2
1812,NXPE3
1813,UQCR11
1814,ATP6V1F
1815,SH3BGRL
1816,OR4S2
1817,PLBD2
1818,TMEM177
1819,UQCR10
1820,ZNF454
1821,IPPK
1822,DDTL
1823,ZNF316
1824,LDHAL6A
1825,PALM2
1826,NUDT19
1827,ATP9A
1828,TATDN2
1830,ZNF280B
1831,ZNF625
1832,ZNF324B
1833,ZNF585B
1834,ZFP82
1835,ZNF716
1836,ZNF705G
1837,OR7G3
1838,TMEM134
1839,TMEM35B
1840,PLA2G4F
1841,ZNF676
1842,ICE2
1843,B3GNT9
1845,OST4
1846,SERPINA6
1847,SERPINA7
1848,ZSCAN2
1849,S100G
1850,ST6GALNAC4
1851,WDSUB1
1852,SAAL1
1853,THEM6
1854,DOP1B
1855,SLC25A47
1856,GLTPD2
1857,GLMP
1858,ZNF875
1859,ZNF30
1860,PLPBP
1861,DPP9
1862,SCPEP1
1863,LZTS3
1864,TRIM71
1865,CCNJ
1866,LSM14B
1867,SLC22A18
1868,C19orf33
1869,HSF5
1870,TSPOAP1
1871,VSIG8
1872,FDX2
1873,BCAS3
1874,KRTAP10-1
1875,FAM189B
1876,CCDC85C
1877,SESN3
1878,UBAC2
1879,ZMYM1
1880,FAM187B
1881,RHBDD3
1882,MRS2
1883,KNOP1
1884,ZNF771
1885,C17orf80
1886,ZNF808
1887,ZNF624
1888,RNF149
1889,FMR1NB
1890,TMEM131L
1891,TEX264
1892,ASPHD2
1893,SPIN2B
1894,ZNF507
1895,ZBED9
1896,DCBLD1
1897,GPAT3
1898,KLRG2
1899,FAM171A2
1900,C1QTNF2
1901,NUDT13
1902,LRP11
1903,ZNF501
1904,COMTD1
1905,MIGA1
1906,VPS35L
1907,C3orf33
1908,RSAD1
1909,FAM241A
1910,TSPAN18
1911,TMEM87A
1912,SC5D
1913,ZDHHC6
1914,TVP23C
1915,ZDHHC18
1916,MANEAL
1917,MAP1LC3B2
1919,FMC1
1920,TMEM63B
1921,TMEM164
1922,MARC2
1923,PHF13
1924,C5orf15
1925,FAM172A
1926,OR2S2
1927,TAS2R7
1928,TMEM171
1929,LRRC15
1930,PLEKHH1
1931,TMEM39A
1932,HSD17B6
1933,OR10H3
1934,ZNF430
1935,PARP16
1936,DNAJC16
1937,TLCD2
1938,TSPAN17
1939,MTX3
1940,MUCL1
1941,EMILIN3
1942,PCYOX1L
1943,C1QTNF9
1944,TPGS1
1945,LRRC49
1946,MCUB
1947,TTLL4
1948,B3GNT3
1950,ZNF445
1951,TMEM184B
1952,TMEM161B
1953,OGFOD3
1954,LPCAT4
1955,TMEM245
1956,TMEM8A
1957,ST8SIA1
1958,TMEM185A
1959,TMEM185B
1960,SCCPDH
1962,ST3GAL5
1963,CABS1
1964,ZNF621
1965,GLB1L2
1966,SUSD1
1967,TRIM4
1968,MAN2B2
1969,GTF2IRD2B
1970,CCN6
1971,TMEM223
1972,GFOD1
1973,GFOD2
1975,AMDHD1
1976,TPGS2
1977,ZACN
1978,ZNF562
1979,ZNF561
1980,EVA1C
1981,TMEM255A
1982,RIMKLA
1983,PLEKHH3
1984,DNAJC18
1985,EDIL3
1986,SUCO
1987,SLC16A14
1988,MFSD13A
1989,SDHAF3
1990,RNASE13
1991,CLPSL1
1992,NHLRC3
1993,RHEX
1994,PIFO
1995,MIGA2
1996,CDKL4
1997,B4GALNT4
1998,VWDE
1999,OGFRL1
2000,TMCO6
2001,EPPIN
2002,EPPIN-WFDC6
2003,ZNF594
2004,PRRT4
2005,EIF5AL1
2006,GDPGP1
2007,GK2
2008,NLRP9
2009,NPEPL1
2010,SCD5
2011,ABHD14B
2012,CCN1
2013,SOGA3
2014,CPED1
2015,FMN1
2016,TBC1D31
2017,ZNF529
2018,ZNF616
2020,TMEM209
2021,TMEM41B
2022,CEP85L
2023,CCDC134
2024,GPR107
2025,LYSMD3
2026,PRRT3
2027,KIAA0556
2028,TIGD6
2029,ZSCAN5A
2030,ZNF532
2031,METTL8
2032,SPIRE2
2034,ZNF845
2035,TATDN3
2036,BCLAF3
2037,KRTAP9-9
2038,KRTAP9-7
2039,KRTAP9-1
2040,USP17L5
2041,USP17L1
2042,OR4X1
2043,FAM71B
2044,ZNF865
2045,NDUFAF8
2046,PRELID3B
2047,COQ10A
2048,NUDT8
2049,PHYHIPL
2050,COQ10B
2051,PRSS35
2052,TC2N
2053,JCAD
2054,ELFN2
2055,PALM3
2056,KRTAP16-1
2057,RASA4B
2058,OR2F2
2059,CES4A
2060,EML6
2061,PRSS42
2062,ZNF573
2063,GPR149
2064,DUSP18
2065,PPIAL4C
2066,LINGO2
2067,IGLC3
2068,BPIFB3
2069,IGLC2
2070,CTRB2
2071,STEAP1B
2072,LEFTY1
2073,LRRC4B
2074,ZNF544
2075,CYB5D2
2077,TMEM68
2078,NPTXR
2079,ZNF517
2080,CALHM4
2081,HAPLN3
2082,ENDOD1
2083,VWCE
2084,TSPAN11
2085,SLC10A7
2086,PMEL
2087,CYP20A1
2088,TMEM268
2089,ENGASE
2090,RAET1E
2091,BRINP2
2092,ZNF732
2093,TMPRSS11B
2094,KLHL11
2095,TMCC2
2096,PNLDC1
2097,TMPRSS12
2098,TSPAN10
2099,COL20A1
2100,ADCK2
2101,DLK2
2102,CAPN8
2103,ZNF747
2104,SLC35F5
2105,SLC44A5
2106,C12orf49
2107,ZNF805
2108,TMEM200A
2109,TMEM184A
2110,ZNF354C
2111,ZNF211
2112,ZNF284
2113,SEL1L3
2114,TAFA3
2115,TMED6
2116,ZNF816
2117,MFSD4A
2118,GLMN
2119,ZNF813
2120,ZG16B
2121,MFSD9
2123,ZNF738
2125,LYZL1
2127,REXO5
2128,HIGD2A
2129,C16orf91
2130,LYPD4
2131,TMEM266
2132,SFTA2
2133,MXRA7
2134,SLC51A
2135,P2RX5
2136,ZNF571
2137,ZNF791
2138,ZNF221
2139,ZNF225
2140,GPR155
2141,ZNF311
2142,TEX261
2143,GLT1D1
2144,RNF215
2145,XKR8
2147,ZNF701
2148,DEFB104A
2149,DEFB104B
2150,FCRL5
2151,PRSS37
2152,TP53I13
2153,EVA1B
2154,SLC36A3
2155,SLC49A4
2156,PXYLP1
2157,LRRC24
2158,SLC37A3
2159,GLT8D1
2160,ZNF416
2161,CPA5
2162,ZNF672
2163,TMEM213
2164,ZNF780A
2165,ZNF684
2166,ZNF432
2167,GPR137
2168,TOR4A
2169,NLRP6
2170,ZNF678
2171,SKIDA1
2172,TTLL11
2173,KIF19
2174,ZIM3
2175,ZNF850
2176,ZNF551
2177,ZNF502
2178,ZNF322
2179,ZNF283
2180,GOLGA6B
2181,OR51B6
2182,ZNF763
2183,KIAA1549L
2184,GPC2
2185,CD101
2186,TIMD4
